Date,Regulation Title,Regulatory Body,Description,Impact,Litigation Risk,Corporate Governance,Proprietary Costs,Information Asymmetry,Unsophisticated Investors,Equity Issuance,Reputation Risk,References,Year
2/15/2017,FINRA Rule on Financial Exploitation of Specified Adults,Financial Industry Regulatory Authority FINRA / Approved by SEC,"Adopted Rule 2165, which permits member firms to place temporary holds on disbursements of funds or securities from the accounts of specified adults persons aged 65+ or with a mental or physical impairment where the firm reasonably believes financial exploitation is occurring.","Provided a critical tool for financial firms to intervene and protect vulnerable investors from potential fraud and exploitation, representing a major step forward in senior investor protection.",Yes,No,No,No,Yes,No,Yes,[https://www.sec.gov/rules/sro/finra/2017/3480042.pdf]https://www.sec.gov/rules/sro/finra/2017/3480042.pdf,2017
10/13/2016,Investment Company Liquidity Risk Management Programs,U.S. Securities and Exchange Commission SEC,"Adopted Rule 22e4, requiring openend funds including mutual funds and ETFs to establish formal liquidity risk management programs. The programs require funds to assess and manage their liquidity risk, classify the liquidity of their portfolio investments, and establish a ""highly liquid investment minimum.""","Aims to ensure funds can meet shareholder redemption requests without diluting the interests of remaining shareholders, especially during times of market stress. It standardized industry practices for managing liquidity.",Yes,Yes,Yes,No,Yes,No,Yes,[https://www.sec.gov/rules/final/2016/3310233.pdf]https://www.sec.gov/rules/final/2016/3310233.pdf,2016
10/13/2016,Investment Company Reporting Modernization,U.S. Securities and Exchange Commission SEC,"Adopted new forms NPORT and NCEN requiring mutual funds, ETFs, and other registered investment companies to report enhanced, standardized, and more frequent portfolio and census data to the SEC.","Modernized fund reporting and improved the quality of data available to the SEC for oversight, risk monitoring, and policymaking.",Yes,Yes,Yes,Yes,No,No,Yes,[https://www.sec.gov/rules/final/2016/3310231.pdf]https://www.sec.gov/rules/final/2016/3310231.pdf,2016
9/28/2016,Covered Clearing Agency Standards Recovery and WindDown,U.S. Securities and Exchange Commission SEC,"Adopted Rule 17Ad22e, which established enhanced standards for systemically important clearing agencies. A key component requires these clearinghouses to maintain and test comprehensive recovery and winddown plans to manage potential failure and minimize systemic disruption.",Strengthened the resilience of critical financial market infrastructure by ensuring that the largest clearinghouses have credible plans to manage extreme stress or their own potential collapse without taxpayer support.,Yes,Yes,No,No,No,No,Yes,[https://www.sec.gov/rules/final/2016/3478961.pdf]https://www.sec.gov/rules/final/2016/3478961.pdf,2016
8/22/2016,Pay Versus Performance,U.S. Securities and Exchange Commission SEC,"Implemented a DoddFrank mandate requiring companies to disclose in a clear, tabular format the relationship between executive compensation actually paid and the company's financial performance.","Provides shareholders with a standardized metric to assess how well executive pay aligns with company performance, improving transparency in compensation decisions.",No,Yes,No,Yes,Yes,No,Yes,[https://www.sec.gov/rules/final/2022/3495607.pdf]https://www.sec.gov/rules/final/2022/3495607.pdf,2016
8/17/2016,"MSRB ""PaytoPlay"" Rule Rule G37",Municipal Securities Rulemaking Board MSRB / Approved by SEC,"This major overhaul of the existing rule seeks to end ""paytoplay"" practices in the municipal securities market. It prohibits municipal securities dealers from engaging in municipal securities business with an issuer for two years after making a political contribution to an official of that issuer.","Aims to sever the connection between political contributions and the awarding of municipal bond underwriting business, thereby reducing corruption and ensuring a meritbased selection of underwriters.",Yes,Yes,No,No,No,No,Yes,[https://www.sec.gov/rules/sro/msrb/2016/3478596.pdf]https://www.sec.gov/rules/sro/msrb/2016/3478596.pdf,2016
6/27/2016,TradeBased Manipulation Rules,U.S. Securities and Exchange Commission SEC,Adopted rules to apply existing antifraud and antimanipulation provisions to securitybased swaps.,Extended key market protections to the securitybased swaps market to prevent misconduct and protect market integrity.,"Yes, Litigation Risk",No,No,No,No,No,No,[Link]https://www.sec.gov/rules/final/2016/3478170.pdf,2016
6/8/2016,SEC Rule on Risk Mitigation Techniques for Uncleared SecurityBased Swaps,U.S. Securities and Exchange Commission SEC,"Requires securitybased swap dealers to establish and enforce policies for reconciling portfolios with counterparties, compressing portfolios, and executing written trading relationship documentation.",Complements margin requirements by establishing operational standards that reduce risk and improve efficiency in the uncleared securitybased swap market.,Yes,Yes,No,No,No,No,Yes,[https://www.sec.gov/rules/final/2016/3478011.pdf]https://www.sec.gov/rules/final/2016/3478011.pdf,2016
4/15/2016,FINRA Capital Acquisition Broker CAB Rules,Financial Industry Regulatory Authority FINRA / Approved by SEC,"Created a new, streamlined set of FINRA rules for member firms that engage in a limited range of activities, such as advising on mergers and acquisitions, private placements, or corporate financing. These firms have reduced compliance obligations compared to fullservice brokerdealers.","Provided a more tailored and less burdensome regulatory framework for advisoryfocused firms, potentially lowering barriers to entry and reducing compliance costs for this segment of the industry.",Yes,No,No,No,No,Yes,Yes,[https://www.sec.gov/rules/sro/finra/2016/3477602.pdf]https://www.sec.gov/rules/sro/finra/2016/3477602.pdf,2016
4/14/2016,Business Conduct Standards for SecurityBased Swap Dealers,U.S. Securities and Exchange Commission SEC,"Established a set of rules under DoddFrank governing the conduct of SecurityBased Swap Dealers SBSDs and Major SecurityBased Swap Participants MSBSPs. The rules require fair dealing, disclosure of material information risks, conflicts, and establishing a supervisory structure.","Created a new regulatory regime for the business conduct of swap dealers, providing protections for their counterparties similar to those that exist in traditional securities markets.",Yes,Yes,No,Yes,No,No,Yes,[https://www.sec.gov/rules/final/2016/3477617.pdf]https://www.sec.gov/rules/final/2016/3477617.pdf,2016
3/21/2016,MSRB Best Execution Rule Rule G18,Municipal Securities Rulemaking Board MSRB / Approved by SEC,"Formally applied the duty of ""best execution"" to the municipal securities market. It requires dealers, when executing a transaction for a customer, to use reasonable diligence to ascertain the most favorable price under prevailing market conditions.","Established a key investor protection standard in the municipal market that was longstanding in the equity markets, enhancing the quality of transaction execution for investors in municipal bonds.",Yes,No,No,Yes,Yes,No,Yes,[https://www.sec.gov/rules/sro/msrb/2015/3476638.pdf]https://www.sec.gov/rules/sro/msrb/2015/3476638.pdf,2016
2/11/2016,Recordkeeping and Reporting Requirements for SecurityBased Swap Dealers,U.S. Securities and Exchange Commission SEC,Adopted a comprehensive set of rules requiring securitybased swap dealers SBSDs to create and retain fundamental business records. It also requires SBSDs to make regular reports of their financial and operational condition to the SEC.,"Established the core supervisory framework for SBSDs, allowing the SEC to monitor their activities, assess compliance, and conduct examinations to ensure market integrity and financial responsibility.",Yes,Yes,No,Yes,No,No,Yes,[https://www.sec.gov/rules/final/2016/3477104.pdf]https://www.sec.gov/rules/final/2016/3477104.pdf,2016
1/29/2016,FINRA Funding Portal Rules,Financial Industry Regulatory Authority FINRA / Approved by SEC,"Created a new, dedicated rulebook for SECregistered ""funding portals,"" the intermediaries that operate online platforms for Regulation Crowdfunding offerings. The rules are more streamlined than the full FINRA rulebook for traditional brokers.","Established a tailored regulatory framework that made it feasible for these new types of financial intermediaries to operate, thereby enabling the entire equity crowdfunding ecosystem envisioned by the JOBS Act.",Yes,No,No,No,Yes,Yes,Yes,[https://www.sec.gov/rules/sro/finra/2016/3477003.pdf]https://www.sec.gov/rules/sro/finra/2016/3477003.pdf,2016
12/4/2015,Fixing America's Surface Transportation FAST Act,U.S. Congress,"While primarily a transportation funding bill, the FAST Act contained a title with several capital formation provisions. It created a new exemption for private resales of securities Section 4a7 and allowed Emerging Growth Companies EGCs to omit certain historical financial information from their S1 registration statements.","Further streamlined the capitalraising process for smaller companies, building on the framework established by the JOBS Act to reduce disclosure and compliance burdens.",No,No,No,Yes,No,Yes,No,[https://www.congress.gov/bill/114thcongress/housebill/22]https://www.congress.gov/bill/114thcongress/housebill/22,2015
10/22/2015,Margin Requirements for Uncleared Swaps,"Federal Reserve, OCC, FDIC, FCA, FHFA, SEC, CFTC",A set of joint rules that established minimum margin requirements for swaps that are not centrally cleared. The rules mandate the exchange of initial and variation margin between financial entities to collateralize the risk of these transactions.,"A cornerstone of the G20/DoddFrank derivatives reforms, this rule significantly reduced counterparty credit risk in the uncleared swaps market, creating a strong incentive for central clearing.",Yes,No,No,No,No,No,No,[https://www.federalreserve.gov/newsevents/pressreleases/bcreg20151022a.htm]https://www.federalreserve.gov/newsevents/pressreleases/bcreg20151022a.htm,2015
10/22/2015,Regulation Crowdfunding,U.S. Securities and Exchange Commission SEC,"Permitted individuals to invest in securitiesbased crowdfunding transactions subject to certain limits, as mandated by the JOBS Act.",Opened a new avenue for startups and small businesses to raise capital from a broad base of nonaccredited investors online.,"Yes, Litigation Risk",No,No,No,"Yes, Unsophisticated Investors","Yes, Equity Issuance in Public vs. Private Markets",No,[Link]https://www.sec.gov/rules/final/2015/339974.pdf,2015
10/22/2015,Regulation of Funding Portals for Crowdfunding,U.S. Securities and Exchange Commission SEC,"As part of the Regulation Crowdfunding package, the SEC created a new, streamlined registration and regulatory framework for a new type of intermediary called a ""funding portal."" These webbased portals are exempt from full brokerdealer registration but are subject to specific rules tailored to their limited activities.",Created the necessary infrastructure for the retail crowdfunding market to exist by establishing a workable regulatory model for the platforms that connect issuers with investors.,Yes,No,No,No,Yes,Yes,Yes,[https://www.sec.gov/rules/final/2015/339974.pdf]https://www.sec.gov/rules/final/2015/339974.pdf,2015
8/5/2015,Pay Ratio Disclosure Rule,U.S. Securities and Exchange Commission SEC,Required public companies to disclose the ratio of the median annual total compensation of all employees to the annual total compensation of the CEO.,"Provided a new metric for investors and the public to assess executive compensation, sparking debate on income inequality.",No,"Yes, Corporate Governance",No,"Yes, Information Asymmetry",No,No,"Yes, Reputation Risk",[Link]https://www.sec.gov/rules/final/2015/3475610.pdf,2015
8/5/2015,Registration and Regulation of SecurityBased Swap Dealers and Major Participants,U.S. Securities and Exchange Commission SEC,"Adopted rules under the DoddFrank Act that defined the terms ""securitybased swap dealer"" and ""major securitybased swap participant"" and established the process for these entities to register with the SEC.","Created the foundational framework for bringing regulatory oversight to the key dealers in the previously unregulated securitybased swap market, subjecting them to SEC supervision.",Yes,Yes,No,No,No,No,Yes,[https://www.sec.gov/rules/final/2015/3475611.pdf]https://www.sec.gov/rules/final/2015/3475611.pdf,2015
5/20/2015,Regulation A+,U.S. Securities and Exchange Commission SEC,"Expanded Regulation A to allow smaller companies to offer and sell up to $50 million of securities in a 12month period, subject to eligibility and disclosure requirements.","Created a viable ""miniIPO"" pathway for smaller companies to raise capital from the public, including nonaccredited investors.","Yes, Litigation Risk",No,No,No,"Yes, Unsophisticated Investors","Yes, Equity Issuance in Public vs. Private Markets",No,[Link]https://www.sec.gov/rules/final/2015/339741.pdf,2015
5/6/2015,Tick Size Pilot Program,U.S. Securities and Exchange Commission SEC,"A twoyear pilot program, developed jointly by the national securities exchanges, to study the impact of wider trading increments tick sizes on the liquidity and trading of smallercompany stocks. The program tested quoting and trading in $0.05 increments for certain stocks.","Generated a massive amount of data on market structure and trading behavior, providing regulators with empirical evidence to assess whether changes to tick sizes could improve market quality for smaller issuers.",No,No,No,No,No,Yes,No,[https://www.sec.gov/rules/sro/nms/2015/3474892.pdf]https://www.sec.gov/rules/sro/nms/2015/3474892.pdf,2015
2/11/2015,Regulation SBSRâ€”Reporting and Dissemination of SecurityBased Swap Information,U.S. Securities and Exchange Commission SEC,Created a framework for the reporting of securitybased swap data to registered securitybased swap data repositories SDRs and the public dissemination of transaction data.,"Brought significant transparency to the previously opaque securitybased swaps market, allowing regulators and the public to monitor activity and risk.",Yes,No,Yes,Yes,No,No,No,[https://www.sec.gov/rules/final/2015/3474244.pdf]https://www.sec.gov/rules/final/2015/3474244.pdf,2015
2/11/2015,Registration Process for SecurityBased Swap Data Repositories,U.S. Securities and Exchange Commission SEC,"Established the formal registration process and the duties and core principles for securitybased swap data repositories SDRs, the central entities created by DoddFrank to collect and maintain records of swap transactions.","Created the operational and regulatory foundation for SDRs, the key market infrastructure needed to bring transparency and regulatory oversight to the securitybased swap market.",Yes,Yes,No,Yes,No,No,Yes,[https://www.sec.gov/rules/final/2015/3474246.pdf]https://www.sec.gov/rules/final/2015/3474246.pdf,2015
11/19/2014,Regulation SCI Systems Compliance and Integrity,U.S. Securities and Exchange Commission SEC,"Establishes a framework requiring key market participants such as exchanges, clearing agencies, and alternative trading systems to ensure their technology systems are robust, resilient, and secure. It mandates policies, procedures, testing, and notification to the SEC of system disruptions.",Strengthened the technological infrastructure of U.S. securities markets to reduce the frequency of systems issues and improve resilience when problems do occur.,Yes,Yes,No,No,No,No,Yes,[https://www.sec.gov/rules/final/2014/3473639.pdf]https://www.sec.gov/rules/final/2014/3473639.pdf,2014
10/22/2014,Credit Risk Retention Rule DoddFrank Section 941,"SEC, Federal Reserve, OCC, FDIC, FHFA, HUD","A joint rule requiring sponsors of assetbacked securities ABS to retain at least 5 percent of the credit risk of the assets they securitize. This ""skin in the game"" requirement is designed to align the interests of securitizers with those of investors.","Fundamentally changed the economics of securitization by forcing originators to maintain exposure to the loans they package and sell, discouraging the ""originatetodistribute"" model blamed for poor underwriting before the 2008 crisis.",Yes,Yes,No,Yes,No,No,Yes,[https://www.sec.gov/rules/final/2014/3473407.pdf]https://www.sec.gov/rules/final/2014/3473407.pdf,2014
8/27/2014,AssetBacked Securities Disclosure and Registration Regulation AB II,U.S. Securities and Exchange Commission SEC,"Substantially revised the registration, disclosure, and reporting requirements for assetbacked securities ABS.","Increased transparency for investors in ABS by requiring detailed, assetlevel data about the securities' underlying collateral.","Yes, Litigation Risk",No,"Yes, Proprietary Costs","Yes, Information Asymmetry",No,No,No,[Link]https://www.sec.gov/rules/final/2014/339638.pdf,2014
6/25/2014,CrossBorder SecurityBased Swap Activities,U.S. Securities and Exchange Commission SEC,"A major rule that established which crossborder securitybased swap transactions, and which entities engaging in them, would be subject to the registration and other requirements of the DoddFrank Act.","Defined the international scope and reach of U.S. derivatives regulation, a critical step for integrating the global swap markets into the new regulatory framework.",Yes,No,No,No,No,No,No,[https://www.sec.gov/rules/final/2014/3472472.pdf]https://www.sec.gov/rules/final/2014/3472472.pdf,2014
6/1/2014,FINRA Supervision Rules Rule 3110,Financial Industry Regulatory Authority FINRA / Approved by SEC,"A consolidated and modernized rule that requires member firms to establish and maintain a system to supervise the activities of their personnel. It includes specific requirements for supervisory procedures, internal inspections, and review of correspondence.","Created a comprehensive, principlesbased framework for brokerdealer supervision, enhancing firms' responsibility to monitor for and prevent misconduct by their employees.",Yes,Yes,No,No,Yes,No,Yes,[https://www.sec.gov/rules/sro/finra/2013/3469563.pdf]https://www.sec.gov/rules/sro/finra/2013/3469563.pdf,2014
12/18/2013,Volcker Rule,"Federal Reserve, OCC, FDIC, SEC, CFTC",Prohibits banking entities from engaging in proprietary trading and limits their investments in hedge funds and private equity funds.,Aimed to reduce systemic risk by preventing federally insured banks from making speculative investments with their own capital.,"Yes, Litigation Risk","Yes, Corporate Governance",No,No,No,No,"Yes, Reputation Risk",[Link]https://www.sec.gov/rules/final/2013/bhca1.pdf,2013
7/10/2013,Eliminating the Prohibition Against General Solicitation Rule 506c,U.S. Securities and Exchange Commission SEC,"As mandated by the JOBS Act, lifted the ban on general solicitation and advertising for certain private offerings to accredited investors.",Made it easier for private companies and funds to raise capital by allowing them to publicly advertise their offerings.,"Yes, Litigation Risk",No,No,No,No,"Yes, Equity Issuance in Public vs. Private Markets",No,[Link]https://www.sec.gov/rules/final/2013/339415.pdf,2013
6/12/2013,FINRA Rule on Pledging of Customer Securities,Financial Industry Regulatory Authority FINRA / Approved by SEC,"Adopted Rule 4340, which prohibits member firms from rehypothecating pledging as collateral for the firm's own loans customer securities whose value exceeds 140% of the customer's debit balance. This aligns FINRA's rule with the SEC's Customer Protection Rule.","Strengthened the protection of customer assets by limiting the ability of brokerdealers to use customer securities for their own financing purposes, reducing risk to customers in the event of a firm's failure.",Yes,No,No,No,Yes,No,Yes,[https://www.sec.gov/rules/sro/finra/2013/3469741.pdf]https://www.sec.gov/rules/sro/finra/2013/3469741.pdf,2013
5/16/2013,CFTC Rules on Swap Execution Facilities SEFs,Commodity Futures Trading Commission CFTC,"A core rule of the DoddFrank Act that established the registration and oversight framework for Swap Execution Facilities SEFs. These are new trading platforms designed to bring transparency and competition to the overthecounter swaps market, requiring many standardized swaps to be traded on them.","Fundamentally changed the structure of the swaps market by moving a significant portion of trading from opaque, bilateral negotiations to transparent, regulated electronic platforms.",Yes,No,No,Yes,No,No,No,[https://www.cftc.gov/media/1831/E920393a/pdf]https://www.cftc.gov/media/1831/E920393a/pdf,2013
8/29/2012,Disclosure of Payments by Resource Extraction Issuers Section 1504 of DoddFrank,U.S. Securities and Exchange Commission SEC,"Requires resource extraction issuers in oil, natural gas, or minerals to include in their annual report information relating to payments made to a foreign government or the U.S. Federal government for the purpose of commercial development.",Aims to increase the transparency of payments to governments to combat global corruption and empower citizens of resourcerich countries to hold their governments accountable. Note: This rule was subject to significant legal and political challenges and was reproposed and readopted over the years.,Yes,Yes,Yes,Yes,No,No,Yes,[https://www.sec.gov/rules/final/2020/3490679.pdf]https://www.sec.gov/rules/final/2020/3490679.pdf 2020 Readoption,2012
8/22/2012,Conflict Minerals Disclosure Rule,U.S. Securities and Exchange Commission SEC,Required companies to disclose their use of certain minerals originating from the Democratic Republic of Congo or adjoining countries.,"Aimed to reduce the funding of armed groups by increasing supply chain transparency, but faced legal challenges and high compliance costs.","Yes, Litigation Risk","Yes, Corporate Governance","Yes, Proprietary Costs","Yes, Information Asymmetry",No,No,"Yes, Reputation Risk",[Link]https://www.sec.gov/rules/final/2012/3467716.pdf,2012
8/1/2012,FINRA Suitability Rule Rule 2111,Financial Industry Regulatory Authority FINRA / Approved by SEC,"Codified and modernized the suitability obligation for brokerdealers. It requires a firm or associated person to have a reasonable basis to believe that a recommended transaction or investment strategy is suitable for the customer, based on the customer's investment profile.","Created a clear, uniform standard for suitability across the brokerage industry, serving as a key pillar of investor protection and a primary basis for customer arbitrations and enforcement actions.",Yes,No,No,Yes,Yes,No,Yes,[https://www.sec.gov/rules/sro/finra/2010/3462028.pdf]https://www.sec.gov/rules/sro/finra/2010/3462028.pdf,2012
7/18/2012,Consolidated Audit Trail CAT,U.S. Securities and Exchange Commission SEC,"Mandated the creation of a single, comprehensive database to track all orders, cancellations, modifications, and trade executions for all U.S. equity and options securities across all U.S. markets.","Provides regulators with a powerful tool to surveil market activity, reconstruct market events, and detect manipulative or illegal trading behavior.",Yes,No,Yes,Yes,No,No,No,[https://www.sec.gov/rules/final/2012/3467457.pdf]https://www.sec.gov/rules/final/2012/3467457.pdf,2012
7/13/2012,"Further Definition of ""Swap,"" ""SecurityBased Swap,"" and ""SecurityBased Swap Agreement""",U.S. Securities and Exchange Commission SEC & Commodity Futures Trading Commission CFTC,"A joint foundational rule that defined the products that would be regulated by the SEC securitybased swaps, like singlename credit default swaps versus the CFTC swaps, like interest rate swaps.","Clarified regulatory jurisdiction over the vast overthecounter derivatives market, which was a critical first step in implementing the DoddFrank Act's comprehensive regulatory framework for swaps.",Yes,No,No,No,No,No,No,[https://www.sec.gov/rules/final/2012/339338.pdf]https://www.sec.gov/rules/final/2012/339338.pdf,2012
5/2/2012,FINRA Know Your Customer KYC Rule Rule 2090,Financial Industry Regulatory Authority FINRA / Approved by SEC,"A rule that requires brokerdealers to use ""reasonable diligence"" to know the ""essential facts"" concerning every customer. This includes understanding the customer's financial status, investment objectives, and risk tolerance to effectively service the account and comply with other rules like suitability.","Codified a foundational obligation for brokerdealers, serving as the bedrock for investor protection by ensuring that firms have the necessary information to handle customer accounts properly.",Yes,No,No,Yes,Yes,No,Yes,[https://www.sec.gov/rules/sro/finra/2010/3462029.pdf]https://www.sec.gov/rules/sro/finra/2010/3462029.pdf,2012
4/5/2012,Jumpstart Our Business Startups JOBS Act,U.S. Congress,"Eased securities regulations to help smaller businesses raise capital, creating the ""Emerging Growth Company"" EGC category.","Reduced disclosure and compliance burdens for EGCs, making it easier for them to go public, and legalized equity crowdfunding.","Yes, Litigation Risk","Yes, Corporate Governance",No,"Yes, Information Asymmetry","Yes, Unsophisticated Investors","Yes, Equity Issuance in Public vs. Private Markets",No,[Link]https://www.congress.gov/bill/112thcongress/housebill/3606,2012
4/5/2012,JOBS Act  Raising the Registration and Deregistration Thresholds,U.S. Congress,"As part of the JOBS Act, Section 12g of the Exchange Act was modified to raise the threshold that triggers public reporting requirements from 500 shareholders of record to either 2,000 shareholders of record, or 500 shareholders who are not accredited investors.","Allowed more companies to stay private for longer, reducing their compliance burdens and potentially increasing the vibrancy of private markets. It was a major change to the public vs. private company calculus.",No,No,No,Yes,No,Yes,No,[https://www.congress.gov/bill/112thcongress/housebill/3606]https://www.congress.gov/bill/112thcongress/housebill/3606,2012
3/12/2012,Clearing Agency Standards,U.S. Securities and Exchange Commission SEC,"Established enhanced standards for the operation and governance of registered clearing agencies like DTCC, focusing on risk management, settlement, and default procedures as mandated by the DoddFrank Act.",Strengthened the resilience of critical market infrastructure to reduce the risk of systemic contagion in the financial system.,Yes,Yes,No,No,No,No,Yes,[https://www.sec.gov/rules/final/2012/3466614.pdf]https://www.sec.gov/rules/final/2012/3466614.pdf,2012
1/31/2012,FINRA Communications with the Public Rule 2210,Financial Industry Regulatory Authority FINRA / Approved by SEC,"A major rule consolidation that created a single, comprehensive rule governing brokerdealer communications with the public. It streamlined definitions, established principlesbased content standards, and set requirements for approval, recordkeeping, and filing with FINRA.","Modernized the rules for brokerdealer advertising and communications to address new technologies like social media, while maintaining core principles of fairness and balance.",Yes,No,No,Yes,Yes,No,Yes,[https://www.sec.gov/rules/sro/finra/2011/3465306.pdf]https://www.sec.gov/rules/sro/finra/2011/3465306.pdf,2012
1/11/2012,Mine Safety Disclosure Section 1503 of DoddFrank,U.S. Securities and Exchange Commission SEC,"Requires domestic and foreign issuers that are mine operators to disclose in their periodic reports information regarding specified mine safety and health violations, orders, and citations received from the Mine Safety and Health Administration MSHA.","Increased transparency into mine safety records, allowing investors to better assess operational and regulatory risks associated with mining companies.",Yes,Yes,No,Yes,No,No,Yes,[https://www.sec.gov/rules/final/2011/339286.pdf]https://www.sec.gov/rules/final/2011/339286.pdf,2012
10/31/2011,Form PF: Reporting by Investment Advisers to Private Funds,U.S. Securities and Exchange Commission SEC & Commodity Futures Trading Commission CFTC,"A joint rule under the DoddFrank Act that requires advisers to certain private funds e.g., hedge funds, private equity funds to periodically file a confidential Form PF, reporting detailed information about their funds' strategies, assets, leverage, and risk exposures.","Provided financial regulators, particularly the Financial Stability Oversight Council FSOC, with crucial data to monitor and assess systemic risk in the previously opaque private funds industry.",Yes,Yes,Yes,Yes,No,No,Yes,[https://www.sec.gov/rules/final/2011/ia3308.pdf]https://www.sec.gov/rules/final/2011/ia3308.pdf,2011
10/20/2011,"Resolution Plans ""Living Wills"" DoddFrank Section 165d",Federal Reserve & Federal Deposit Insurance Corporation FDIC,"Requires large, complex financial institutions including those with significant securities operations to periodically submit detailed resolution plans, or ""living wills."" These plans must describe the company's strategy for a rapid and orderly resolution in the event of material financial distress or failure.","Forced the largest financial firms to confront their own complexity and develop credible strategies for being dismantled without causing systemic chaos, enhancing both internal risk management and regulatory preparedness.",Yes,Yes,Yes,Yes,No,No,Yes,[https://www.federalreserve.gov/newsevents/pressreleases/bcreg20111020a.htm]https://www.federalreserve.gov/newsevents/pressreleases/bcreg20111020a.htm,2011
8/25/2011,Whistleblower Incentives and Protection CFTC Program,Commodity Futures Trading Commission CFTC,"As mandated by the DoddFrank Act, the CFTC established its own whistleblower program, similar to the SEC's. It provides monetary awards and antiretaliation protections to individuals who report violations of the Commodity Exchange Act.","Created a powerful new enforcement tool for policing the futures and swaps markets, leading to a significant increase in tips and major enforcement actions related to manipulation and fraud in these markets.",Yes,Yes,No,Yes,No,No,Yes,[https://www.cftc.gov/media/1831/E920393a/pdf]https://www.cftc.gov/media/1831/E920393a/pdf,2011
7/27/2011,Registration of Municipal Advisors,U.S. Securities and Exchange Commission SEC,"Implemented a DoddFrank provision creating a registration regime for municipal advisors, who advise state and local governments on issuing municipal securities and other financial matters.","Brought federal oversight to a previously unregulated group of market participants, aiming to protect municipalities from conflicted or improper advice.",Yes,No,No,Yes,No,No,Yes,[https://www.sec.gov/rules/final/2013/3470462.pdf]https://www.sec.gov/rules/final/2013/3470462.pdf,2011
7/21/2011,Large Trader Reporting Rule Rule 13h1,U.S. Securities and Exchange Commission SEC,"Requires large traders who engage in a substantial level of trading activity to identify themselves to the SEC by filing Form 13H. They receive a unique Large Trader ID LTID which they must provide to their brokerdealers, who in turn must report trading data for those LTIDs to the SEC.","Enhances the SEC's ability to identify and obtain trading information on the most significant market participants, allowing for more effective investigation of manipulative behavior and analysis of market events.",Yes,No,Yes,Yes,No,No,No,[https://www.sec.gov/rules/final/2011/3464976.pdf]https://www.sec.gov/rules/final/2011/3464976.pdf,2011
6/22/2011,Exemptions for Advisers to Venture Capital Funds and Others DoddFrank Act,U.S. Securities and Exchange Commission SEC,"Implemented DoddFrank provisions that required most advisers to private funds like hedge funds to register with the SEC, but created specific exemptions for advisers who solely manage venture capital funds or have less than $150 million in private fund assets under management in the U.S.",Significantly expanded SEC oversight to the private fund industry while tailoring regulations to avoid unduly burdening smaller advisers and venture capital firms.,Yes,No,No,Yes,No,Yes,Yes,[https://www.sec.gov/rules/final/2011/ia3222.pdf]https://www.sec.gov/rules/final/2011/ia3222.pdf,2011
5/31/2011,IncentiveBased Compensation Arrangements Section 956 of DoddFrank,"SEC, OCC, Federal Reserve, FDIC, NCUA, FHFA",Proposed joint rules requiring enhanced disclosure and oversight of incentivebased compensation practices at large financial institutions to ensure that these structures do not encourage inappropriate risktaking.,"Although a final rule has been repeatedly delayed, the proposal itself has significantly influenced how financial institutions design and govern executive compensation to better align with longterm risk management.",Yes,Yes,No,Yes,No,No,Yes,[https://www.sec.gov/rules/proposed/2016/3477776.pdf]https://www.sec.gov/rules/proposed/2016/3477776.pdf 2016 Reproposal,2011
5/25/2011,Whistleblower Program Rules Section 922 of DoddFrank,U.S. Securities and Exchange Commission SEC,Established a program to reward individuals who provide original information about securities violations that leads to successful enforcement actions.,"Created powerful incentives for insiders to report fraud, significantly increasing the number and quality of tips received by the SEC.","Yes, Litigation Risk","Yes, Corporate Governance",No,"Yes, Information Asymmetry",No,No,"Yes, Reputation Risk",[Link]https://www.sec.gov/rules/final/2011/3464545.pdf,2011
5/25/2011,Whistleblower AntiRetaliation Protections DoddFrank Section 922,U.S. Securities and Exchange Commission SEC,"In addition to creating the award program, the SEC's whistleblower rules implemented strong antiretaliation provisions. These created a private right of action for whistleblowers who are fired, demoted, or otherwise discriminated against for providing information to the SEC.","Provided critical job protection for individuals who report potential securities fraud, encouraging more insiders to come forward without fear of reprisal.",Yes,Yes,No,Yes,No,No,Yes,[https://www.sec.gov/rules/final/2011/3464545.pdf]https://www.sec.gov/rules/final/2011/3464545.pdf,2011
1/25/2011,SayonPay and Golden Parachute Rules,U.S. Securities and Exchange Commission SEC,Implemented DoddFrank provisions requiring companies to hold nonbinding shareholder advisory votes on executive compensation.,"Empowered shareholders with a voice on executive pay, increasing board accountability and scrutiny of compensation practices.",No,"Yes, Corporate Governance",No,"Yes, Information Asymmetry",No,No,"Yes, Reputation Risk",[Link]https://www.sec.gov/rules/final/2011/339178.pdf,2011
1/20/2011,Issuer Review of Assets in Offerings of AssetBacked Securities,U.S. Securities and Exchange Commission SEC,"Adopted Rule 193 under the Securities Act, as mandated by the DoddFrank Act. The rule requires an issuer of assetbacked securities ABS to perform a review of the assets underlying the ABS and disclose the nature of that review.","Increased accountability in the securitization process by ensuring that the issuer examines the quality of the underlying loans, aiming to prevent the ""garbage in, garbage out"" problem seen in the 2008 financial crisis.",Yes,No,Yes,Yes,No,No,Yes,[https://www.sec.gov/rules/final/2011/339175.pdf]https://www.sec.gov/rules/final/2011/339175.pdf,2011
10/29/2010,FINRA Rules on Outside Business Activities and Private Securities Transactions,Financial Industry Regulatory Authority FINRA / Approved by SEC,"A set of rules 3270 and 3280 that require registered persons to provide written notice to their firms before engaging in outside business activities or participating in any private securities transactions socalled ""selling away"".","Provides firms with critical tools to supervise the outside activities of their brokers, aiming to prevent conflicts of interest and unapproved, potentially fraudulent, securities sales.",Yes,Yes,No,No,Yes,No,Yes,[https://www.sec.gov/rules/sro/finra/2009/3460850.pdf]https://www.sec.gov/rules/sro/finra/2009/3460850.pdf,2010
8/25/2010,Facilitating Shareholder Director Nominations Proxy Access,U.S. Securities and Exchange Commission SEC,"Adopted Rule 14a11, which would have required public companies to include the director nominees of certain longterm shareholders in their proxy materials. Note: The rule was subsequently vacated by the D.C. Circuit Court of Appeals in 2011 and never took effect, but its adoption was a major regulatory event.","Though vacated, the rule spurred a widespread movement where companies voluntarily adopted proxy access bylaws through shareholder proposals, fundamentally changing the landscape of director elections.",Yes,Yes,No,No,No,No,Yes,[https://www.sec.gov/rules/final/2010/339136.pdf]https://www.sec.gov/rules/final/2010/339136.pdf,2010
7/21/2010,Orderly Liquidation Authority DoddFrank Act Title II,Federal Deposit Insurance Corporation FDIC / U.S. Treasury,"Created a new resolution regime, managed by the FDIC, to liquidate large, complex financial companies including major brokerdealers or their parent companies whose failure could pose a systemic risk to the U.S. economy. It is an alternative to the bankruptcy code.","Provided the government with a mechanism to wind down a failing ""too big to fail"" financial firm in a controlled manner, aiming to prevent the chaotic collapse and taxpayer bailouts seen during the 2008 crisis.",Yes,Yes,No,No,No,No,Yes,[https://www.congress.gov/bill/111thcongress/housebill/4173]https://www.congress.gov/bill/111thcongress/housebill/4173,2010
7/21/2010,DoddFrank Wall Street Reform and Consumer Protection Act,U.S. Congress,A comprehensive reform of U.S. financial regulation in response to the 2008 financial crisis. Created numerous new rules and agencies.,"Reshaped the financial industry by increasing capital requirements, regulating derivatives, and creating consumer protections.","Yes, Litigation Risk","Yes, Corporate Governance","Yes, Proprietary Costs","Yes, Information Asymmetry","Yes, Unsophisticated Investors","Yes, Equity Issuance in Public vs. Private Markets","Yes, Reputation Risk",[Link]https://www.congress.gov/bill/111thcongress/housebill/4173,2010
7/21/2010,Financial Stability Oversight Council FSOC Designation Authority,Financial Stability Oversight Council FSOC,"Created by Title I of the DoddFrank Act, the FSOC is a council of U.S. financial regulators. It was given the new authority to designate certain nonbank financial companies such as large asset managers or insurance firms as ""systemically important financial institutions"" SIFIs, subjecting them to enhanced supervision by the Federal Reserve.","Extended prudential, banklike supervision beyond traditional banks to other types of financial firms whose failure could threaten the stability of the financial system.",Yes,Yes,Yes,No,No,No,Yes,[https://www.congress.gov/bill/111thcongress/housebill/4173]https://www.congress.gov/bill/111thcongress/housebill/4173,2010
7/21/2010,Extraterritorial Jurisdiction of the Antifraud Provisions DoddFrank Section 929P,U.S. Congress,"A statutory provision in the DoddFrank Act that explicitly grants U.S. federal courts jurisdiction over SEC enforcement actions involving fraudulent conduct that has a ""foreseeable substantial effect"" within the U.S., or conduct within the U.S. that is significant to the fraud, even if the transactions or victims are outside the U.S.","Partially overturned the Supreme Court's *Morrison v. National Australia Bank* decision, restoring and clarifying the SEC's ability to police international securities fraud that has a connection to the United States.",Yes,No,No,No,No,No,No,[https://www.congress.gov/bill/111thcongress/housebill/4173]https://www.congress.gov/bill/111thcongress/housebill/4173,2010
12/30/2009,Custody of Funds or Securities of Clients by Investment Advisers,U.S. Securities and Exchange Commission SEC,Substantially strengthened the custody rule Rule 20642 for investment advisers in the wake of the Madoff fraud. The new framework required advisers with custody to undergo an annual surprise examination by an independent accountant to verify client assets.,"Enhanced the protection of client assets managed by investment advisers by adding a critical layer of thirdparty verification, making it much more difficult to misappropriate funds.",Yes,Yes,No,Yes,Yes,No,Yes,[https://www.sec.gov/rules/final/2009/ia2969.pdf]https://www.sec.gov/rules/final/2009/ia2969.pdf,2009
12/16/2009,Proxy Disclosure Enhancements,U.S. Securities and Exchange Commission SEC,"Required enhanced disclosure regarding compensation, director qualifications, board leadership structure, and the board's role in risk oversight.","Provided investors with more detailed information to evaluate board composition, executive pay, and corporate risk management.","Yes, Litigation Risk","Yes, Corporate Governance",No,"Yes, Information Asymmetry",No,No,"Yes, Reputation Risk",[Link]https://www.sec.gov/rules/final/2009/339089.pdf,2009
2/26/2009,MSRB Advertising Rule Modernization Rule G21,Municipal Securities Rulemaking Board MSRB / Approved by SEC,"A major update to the rule governing municipal securities advertising to address modern communication methods. It clarified that ""advertisement"" includes electronic communications, websites, and emails, and it requires all advertisements to be fair, balanced, and not misleading.","Modernized the standards for how municipal bond dealers communicate with the public, ensuring that investor protections keep pace with evolving technology.",Yes,No,No,Yes,Yes,No,Yes,[https://www.sec.gov/rules/sro/msrb/2008/3458532.pdf]https://www.sec.gov/rules/sro/msrb/2008/3458532.pdf,2009
1/30/2009,Mandate for Interactive Data XBRL in Filings,U.S. Securities and Exchange Commission SEC,Phased in a requirement for public companies to provide their financial statements in an interactive data format using eXtensible Business Reporting Language XBRL. This provides a machinereadable layer on top of traditional financial reports.,"Transformed financial data from static, textbased documents into structured, searchable data, making it easier for investors and analysts to extract, compare, and analyze financial information.",Yes,No,No,Yes,No,No,No,[https://www.sec.gov/rules/final/2009/339002.pdf]https://www.sec.gov/rules/final/2009/339002.pdf,2009
7/11/2007,Regulation SID Identity Theft Red Flags Rule,"SEC, CFTC, Federal Trade Commission, Banking Regulators","A joint rule implementing the Fair Credit Reporting Act that requires financial institutions and creditors, including many SECregistered entities like brokerdealers and mutual funds, to develop and implement a written Identity Theft Prevention Program to detect, prevent, and mitigate identity theft.","Made identity theft prevention a formal compliance responsibility for securities firms, requiring them to actively monitor customer accounts for red flags indicating potential fraud.",Yes,Yes,No,No,Yes,No,Yes,[https://www.sec.gov/rules/final/2013/3469359.pdf]https://www.sec.gov/rules/final/2013/3469359.pdf SEC's readoption,2007
6/5/2007,Rules for Nationally Recognized Statistical Rating Organizations NRSROs,U.S. Securities and Exchange Commission SEC,"Implemented the Credit Rating Agency Reform Act of 2006 by establishing a registration and oversight program for credit rating agencies. The rules set requirements for preventing conflicts of interest, prohibiting unfair practices, and disclosing rating methodologies.","Brought formal federal oversight to the credit rating industry for the first time, aiming to improve the quality, transparency, and accountability of credit ratings.",Yes,Yes,Yes,Yes,Yes,No,Yes,[https://www.sec.gov/rules/final/2007/3455857.pdf]https://www.sec.gov/rules/final/2007/3455857.pdf,2007
1/22/2007,Internet Availability of Proxy Materials,U.S. Securities and Exchange Commission SEC,Allows companies to satisfy proxy delivery requirements by posting materials online and providing shareholders with a notice.,"Reduced printing and mailing costs for companies and provided shareholders with faster, more convenient access to information.",No,"Yes, Corporate Governance",No,No,"Yes, Unsophisticated Investors",No,No,[Link]https://www.sec.gov/rules/final/2007/3455146.pdf,2007
9/29/2006,Credit Rating Agency Reform Act of 2006,U.S. Congress,"Created a new registration and oversight program for credit rating agencies, requiring the SEC to regulate them as Nationally Recognized Statistical Rating Organizations NRSROs.","Aimed to improve the quality and transparency of credit ratings, though its effectiveness was questioned after the 2008 crisis.","Yes, Litigation Risk",No,No,"Yes, Information Asymmetry","Yes, Unsophisticated Investors",No,"Yes, Reputation Risk",[Link]https://www.congress.gov/bill/109thcongress/senatebill/3850,2006
7/18/2006,"SEC Interpretation on ""Soft Dollar"" Arrangements Section 28e",U.S. Securities and Exchange Commission SEC,"Issued a major interpretive release that significantly narrowed the scope of ""brokerage and research services"" that can be obtained by investment managers using client commission dollars ""soft dollars"" under the safe harbor of Section 28e. It clarified that services must have a direct link to the investment decisionmaking process.","Imposed greater discipline on the use of soft dollars by money managers, forcing them to justify that payments were for legitimate research that benefits clients, rather than for overhead or other nonresearch expenses.",Yes,Yes,No,Yes,No,No,Yes,[https://www.sec.gov/rules/interp/2006/3454165.pdf]https://www.sec.gov/rules/interp/2006/3454165.pdf,2006
7/19/2005,Securities Offering Reform,U.S. Securities and Exchange Commission SEC,"A major overhaul of the registration, communication, and offering processes for public securities offerings under the Securities Act of 1933. It created a new category of issuer, the ""WellKnown Seasoned Issuer"" WKSI, with greater flexibility in communicating and launching offerings.","Modernized the capitalraising process for public companies, making it more efficient and flexible, particularly for larger, more established issuers. It liberalized rules on communications around the time of an offering.",Yes,No,No,Yes,No,Yes,No,[https://www.sec.gov/rules/final/338591.pdf]https://www.sec.gov/rules/final/338591.pdf,2005
4/12/2005,Certain BrokerDealers Deemed Not To Be Investment Advisers,U.S. Securities and Exchange Commission SEC,"Adopted a rule that exempted brokerdealers offering feebased brokerage accounts from the Investment Advisers Act, provided they provided no special advice and made prominent disclosure. The rule was highly controversial and was ultimately vacated by a federal court in 2007.","Though shortlived, the rule was a major event in the longrunning debate over the differing regulatory standards for brokers and investment advisers, and its vacatur ultimately led to the development of Regulation Best Interest.",Yes,No,No,Yes,Yes,No,Yes,[https://www.sec.gov/rules/final/3451523.pdf]https://www.sec.gov/rules/final/3451523.pdf,2005
4/6/2005,Regulation NMS National Market System,U.S. Securities and Exchange Commission SEC,"A set of rules designed to modernize and strengthen the national market system for equity securities. Key provisions include the ""Order Protection Rule"" or tradethrough rule which prevents the execution of trades at prices inferior to protected quotations displayed by other trading centers.","Fundamentally reshaped U.S. equity market structure by promoting competition among trading venues and ensuring investors receive the best price across markets, but also increased market complexity.",Yes,No,No,Yes,Yes,No,No,[https://www.sec.gov/rules/final/3451808.pdf]https://www.sec.gov/rules/final/3451808.pdf,2005
12/13/2004,Rule 22c2 Redemption Fees,U.S. Securities and Exchange Commission SEC,Authorized mutual funds to impose a redemption fee of up to 2% on the proceeds from shares redeemed within a short period of time. It also required funds to enter into informationsharing agreements with financial intermediaries to obtain trading data.,"Provided funds with a tool to deter harmful shortterm trading and market timing, and enabled them to better monitor trading activity through omnibus accounts.",Yes,No,No,Yes,Yes,No,No,[https://www.sec.gov/rules/final/ic26782.pdf]https://www.sec.gov/rules/final/ic26782.pdf,2004
8/23/2004,Disclosure Regarding Nominating Committee Functions and Communications Between Security Holders and Boards of Directors,U.S. Securities and Exchange Commission SEC,"Required companies to disclose information about their board nominating committees, including their processes for identifying and evaluating director candidates, and whether they consider candidates recommended by shareholders.","Provided investors with greater insight into the director nomination process, promoting transparency and accountability in corporate governance.",No,Yes,No,Yes,No,No,Yes,[https://www.sec.gov/rules/final/338340.htm]https://www.sec.gov/rules/final/338340.htm,2004
7/28/2004,Regulation SHO,U.S. Securities and Exchange Commission SEC,"Created a new framework for regulating short sales, including ""locate"" and ""closeout"" requirements to curb ""naked"" short selling.",Aimed to reduce failures to deliver securities and combat potentially abusive short selling practices.,"Yes, Litigation Risk",No,No,No,No,No,No,[Link]https://www.sec.gov/rules/final/3450103.htm,2004
7/7/2004,Disclosure of Breakpoint Sales and Point of Sale Disclosure,U.S. Securities and Exchange Commission SEC,"Required mutual funds to provide enhanced, plainEnglish disclosure in their prospectuses about ""breakpoint"" discounts on frontend sales loads for Class A shares, helping investors understand how to qualify for volume discounts.",Aimed to ensure that investors receive the sales charge discounts they are entitled to when making large purchases of mutual fund shares.,Yes,No,No,Yes,Yes,No,Yes,[https://www.sec.gov/rules/final/338457.pdf]https://www.sec.gov/rules/final/338457.pdf,2004
7/2/2004,Investment Company Codes of Ethics,U.S. Securities and Exchange Commission SEC,Adopted a new rule and amendments requiring mutual funds to have codes of ethics that set standards of conduct and address conflicts of interest from personal trading by fund employees. It also enhanced the reporting of personal securities transactions by these employees.,"Strengthened the ethical framework governing mutual fund personnel to prevent fraudulent and abusive personal trading practices, such as frontrunning the fund's trades.",Yes,Yes,No,Yes,Yes,No,Yes,[https://www.sec.gov/rules/final/ic26488.htm]https://www.sec.gov/rules/final/ic26488.htm,2004
3/23/2004,FINRA Rules on IPO Allocations Rule 5130 & 5131,Financial Industry Regulatory Authority FINRA / Approved by SEC,"A set of rules designed to ensure fairness in the allocation of new issues. Rule 5130 prohibits firms from selling ""new issues"" to accounts in which a restricted person has a beneficial interest. Rule 5131 prohibits abusive allocation practices like ""spinning"" allocating IPO shares to executives to win investment banking business.",Aims to protect the integrity of the IPO process by preventing industry insiders from taking advantage of their positions and ensuring that shares are offered to the public fairly.,Yes,Yes,No,Yes,Yes,Yes,Yes,[https://www.sec.gov/rules/sro/nasd/3448701.htm]https://www.sec.gov/rules/sro/nasd/3448701.htm,2004
3/16/2004,Additional Form 8K Disclosure Requirements and Acceleration of Filing Date,U.S. Securities and Exchange Commission SEC,"In response to SOX's call for ""realtime"" disclosures, this rule significantly expanded the number of events that must be reported on Form 8K the ""current report"" and shortened the filing deadline to four business days for most items.","Provided investors with more timely access to a broader range of material information about public companies, reducing the information gap between corporate insiders and the public.",Yes,Yes,Yes,Yes,Yes,No,Yes,[https://www.sec.gov/rules/final/338400.htm]https://www.sec.gov/rules/final/338400.htm,2004
12/17/2003,Compliance Programs of Investment Companies and Investment Advisers,U.S. Securities and Exchange Commission SEC,"Adopted Rule 20647, which requires every SECregistered investment adviser to adopt and implement written policies and procedures reasonably designed to prevent violation of the federal securities laws, review them annually for adequacy, and designate a chief compliance officer CCO.","Professionalized and formalized the compliance function within the asset management industry, making compliance a core responsibility of every advisory firm.",Yes,Yes,No,No,Yes,No,Yes,[https://www.sec.gov/rules/final/ia2204.htm]https://www.sec.gov/rules/final/ia2204.htm,2003
5/27/2003,Management's Report on Internal Control Over Financial Reporting SOX 404,U.S. Securities and Exchange Commission SEC,Requires management to assess and report on the effectiveness of the company's internal controls over financial reporting.,"Significantly increased focus and spending on internal controls, aiming to improve the reliability of financial statements.","Yes, Litigation Risk","Yes, Corporate Governance",No,"Yes, Information Asymmetry",No,"Yes, Equity Issuance in Public vs. Private Markets","Yes, Reputation Risk",[Link]https://www.sec.gov/rules/final/338238.htm,2003
5/7/2003,"Mandated Electronic Filing and Website Posting for Forms 3, 4 and 5 SOX 403",U.S. Securities and Exchange Commission SEC,"Required corporate insiders directors, officers, and 10% owners to file their reports of stock ownership and transactions Forms 3, 4, and 5 electronically through the SEC's EDGAR system. It also required companies to post these reports on their corporate websites.","Drastically accelerated the public availability of information about insider trading activity, moving from a slow, paperbased system to near realtime electronic access for all investors.",No,Yes,No,Yes,Yes,No,Yes,[https://www.sec.gov/rules/final/338230.htm]https://www.sec.gov/rules/final/338230.htm,2003
4/25/2003,Public Company Accounting Oversight Board PCAOB Establishment,U.S. Securities and Exchange Commission SEC,"Pursuant to Title I of the SarbanesOxley Act, this action formally recognized the Public Company Accounting Oversight Board PCAOB. The PCAOB is a private, nonprofit corporation established by Congress to oversee the audits of public companies in order to protect investors.","Fundamentally changed the landscape of accounting regulation by ending the profession's selfregulation. The PCAOB now sets auditing standards, inspects accounting firms, and enforces rules, significantly increasing the quality and independence of public company audits.",Yes,Yes,No,Yes,Yes,No,Yes,[https://www.sec.gov/rules/final/338223.htm]https://www.sec.gov/rules/final/338223.htm,2003
4/24/2003,Improper Influence on Conduct of Audits SOX 303,U.S. Securities and Exchange Commission SEC,"Adopted Rule 13b22b, which explicitly prohibits officers and directors of an issuer from taking any action to fraudulently influence, coerce, manipulate, or mislead the independent auditor of the company's financial statements for the purpose of rendering those statements materially misleading.","Provided the SEC with a direct enforcement tool to sanction corporate insiders who improperly pressure auditors, thereby reinforcing auditor independence and the integrity of the audit process.",Yes,Yes,No,Yes,No,No,Yes,[https://www.sec.gov/rules/final/3447890.htm]https://www.sec.gov/rules/final/3447890.htm,2003
4/1/2003,Standards Relating to Listed Company Audit Committees SOX 301,U.S. Securities and Exchange Commission SEC,"Directed the national securities exchanges to prohibit the listing of any security of an issuer that is not in compliance with the audit committee requirements established by the SarbanesOxley Act. These include committee independence and direct responsibility for the appointment, compensation, and oversight of the external auditor.","Strengthened the oversight of the financial reporting process by empowering independent audit committees as the primary client of the external auditor, reducing management's influence.",Yes,Yes,No,Yes,No,No,Yes,[https://www.sec.gov/rules/final/338220.htm]https://www.sec.gov/rules/final/338220.htm,2003
2/6/2003,Regulation AC Analyst Certification,U.S. Securities and Exchange Commission SEC,Requires research analysts to certify that the views expressed in their research reports accurately reflect their personal views.,Aimed to improve the objectivity of research and reduce conflicts of interest between research and investment banking departments.,"Yes, Litigation Risk",No,No,"Yes, Information Asymmetry","Yes, Unsophisticated Investors",No,"Yes, Reputation Risk",[Link]https://www.sec.gov/rules/final/338193.htm,2003
1/31/2003,Proxy Voting by Investment Advisers,U.S. Securities and Exchange Commission SEC,"Adopted Rule 20646, which requires an investment adviser that exercises voting authority over client securities to adopt and implement policies and procedures that are reasonably designed to ensure that the adviser votes proxies in the best interest of its clients.","Increased the transparency and accountability of the proxy voting process by advisers, ensuring they manage voting, a key client asset, with the same fiduciary care as other assets.",Yes,Yes,No,Yes,No,No,Yes,[https://www.sec.gov/rules/final/ia2106.htm]https://www.sec.gov/rules/final/ia2106.htm,2003
1/23/2003,Shareholder Reports and Quarterly Portfolio Disclosure of Registered Management Investment Companies,U.S. Securities and Exchange Commission SEC,"Required mutual funds to disclose their complete portfolio holdings on a quarterly basis, rather than semiannually. It also required funds to include a statement in their annual reports specifying how they voted proxies relating to their portfolio securities.","Significantly increased the transparency of mutual fund holdings and proxy voting behavior, allowing investors and analysts to better monitor fund strategies and governance activities.",No,Yes,Yes,Yes,Yes,No,Yes,[https://www.sec.gov/rules/final/338188.htm]https://www.sec.gov/rules/final/338188.htm,2003
1/22/2003,Insider Trades During Pension Fund Blackout Periods SOX 306,U.S. Securities and Exchange Commission SEC,"Implemented Regulation BTR, which prohibits any director or executive officer of an issuer from purchasing or selling company equity during a ""blackout period"" when at least 50% of the participants in the company's retirement plans are temporarily suspended from trading.","Promoted fairness by preventing corporate insiders from trading when rankandfile employees are unable to, particularly during administrative transitions in pension plans.",Yes,Yes,No,Yes,No,No,Yes,[https://www.sec.gov/rules/final/3447225.htm]https://www.sec.gov/rules/final/3447225.htm,2003
1/22/2003,Strengthening the Commission's Requirements Regarding Auditor Independence SOX Title II,U.S. Securities and Exchange Commission SEC,"Implemented Title II of the SarbanesOxley Act by defining and prohibiting a list of nonaudit services that accounting firms are barred from providing to their audit clients e.g., bookkeeping, internal audit outsourcing, legal services. It also mandated audit partner rotation.",Enhanced auditor independence by minimizing economic incentives and conflicts of interest that could compromise audit integrity. This forced a major restructuring of the business models of the large accounting firms.,Yes,Yes,No,Yes,No,No,Yes,[https://www.sec.gov/rules/final/338183.htm]https://www.sec.gov/rules/final/338183.htm,2003
1/22/2003,Standards of Professional Conduct for Attorneys,U.S. Securities and Exchange Commission SEC,"Requires attorneys appearing before the SEC to report evidence of a material violation of securities law ""up the ladder"" within the company.","Placed new ethical and reporting obligations on lawyers, making them gatekeepers for corporate compliance SOX Section 307.","Yes, Litigation Risk","Yes, Corporate Governance",No,"Yes, Information Asymmetry",No,No,"Yes, Reputation Risk",[Link]https://www.sec.gov/rules/final/338185.htm,2003
1/22/2003,Disclosure of OffBalance Sheet Arrangements,U.S. Securities and Exchange Commission SEC,Mandates disclosure of offbalance sheet arrangements in a separately captioned subsection of the MD&A SOX Section 401.,Increased transparency into complex financial structures that companies like Enron used to hide debt and inflate earnings.,"Yes, Litigation Risk","Yes, Corporate Governance","Yes, Proprietary Costs","Yes, Information Asymmetry",No,No,"Yes, Reputation Risk",[Link]https://www.sec.gov/rules/final/338182.htm,2003
1/15/2003,Conditions for Use of NonGAAP Financial Measures,U.S. Securities and Exchange Commission SEC,Established rules Regulation G for the public disclosure of financial information calculated on a nonGAAP basis.,"Required companies to reconcile nonGAAP measures to their most comparable GAAP measure, preventing misleading presentations.","Yes, Litigation Risk","Yes, Corporate Governance",No,"Yes, Information Asymmetry","Yes, Unsophisticated Investors",No,"Yes, Reputation Risk",[Link]https://www.sec.gov/rules/final/338176.htm,2003
1/15/2003,Disclosure of Audit Committee Financial Expert SOX 407,U.S. Securities and Exchange Commission SEC,"Requires public companies to disclose in their annual reports whether their audit committee includes at least one member who is an ""audit committee financial expert,"" and if not, the reasons why. The rule defines the attributes of such an expert.",Strengthened the financial oversight capabilities of boards by encouraging companies to appoint individuals with significant financial and accounting expertise to their audit committees.,Yes,Yes,No,Yes,No,No,Yes,[https://www.sec.gov/rules/final/338177.htm]https://www.sec.gov/rules/final/338177.htm,2003
1/15/2003,Disclosure Required by Sections 406 and 407 of the SarbanesOxley Act of 2002,U.S. Securities and Exchange Commission SEC,"This rule requires a public company to disclose whether it has adopted a code of ethics that applies to its principal executive officer, principal financial officer, and other senior financial officers. Any waivers of the code for these officers must also be disclosed.",Promoted ethical conduct at the highest levels of corporate management by using disclosure to encourage the adoption and enforcement of strong ethical standards.,No,Yes,No,Yes,No,No,Yes,[https://www.sec.gov/rules/final/338177.htm]https://www.sec.gov/rules/final/338177.htm,2003
9/19/2002,Exemption for Standardized Options from Provisions of the Securities Act Rule 238,U.S. Securities and Exchange Commission SEC,"Exempted standardized options that are issued by a registered clearing agency and traded on a national securities exchange from all provisions of the Securities Act of 1933, other than the antifraud provisions. The disclosure framework is instead provided by the Options Clearing Corporation's disclosure document.","Streamlined the regulatory treatment of standardized options, recognizing their unique nature and the central role of the options exchanges and clearinghouse in providing disclosure and market integrity.",No,No,No,No,Yes,No,No,[https://www.sec.gov/rules/final/338131.htm]https://www.sec.gov/rules/final/338131.htm,2002
8/29/2002,Certification of Disclosure in Companies' Quarterly and Annual Reports SOX 302,U.S. Securities and Exchange Commission SEC,Requires the principal executive officer and principal financial officer of a public company to personally certify the accuracy of their company's quarterly and annual reports. They must also certify that they are responsible for establishing and maintaining disclosure controls and procedures.,"Dramatically increased the personal accountability of senior executives for the accuracy of financial statements and disclosures, serving as a powerful deterrent to fraud.",Yes,Yes,No,Yes,Yes,No,Yes,[https://www.sec.gov/rules/final/338124.htm]https://www.sec.gov/rules/final/338124.htm,2002
8/1/2002,Rules for Security Futures Products,U.S. Securities and Exchange Commission SEC & Commodity Futures Trading Commission CFTC,"A set of joint rules establishing the regulatory framework for security futuresâ€”new hybrid products created by the Commodity Futures Modernization Act of 2000. The rules covered customer protection, recordkeeping, and margin requirements.","Created the legal and operational infrastructure for the trading of futures on single stocks and narrowbased stock indexes, bridging the gap between securities and futures regulation.",Yes,No,No,No,Yes,No,No,[https://www.sec.gov/rules/final/3446292.htm]https://www.sec.gov/rules/final/3446292.htm,2002
7/30/2002,Fair Funds for Investors SOX 308,U.S. Congress within the SarbanesOxley Act,"Authorized the SEC to take civil penalties obtained in enforcement actions and add them to a disgorgement fund a ""Fair Fund"" to be distributed to victims of the securities law violations. Previously, penalties were paid to the U.S. Treasury.","Significantly increased the amount of money returned to harmed investors from SEC enforcement actions, making it a primary goal of the enforcement program to compensate victims.",No,No,No,No,Yes,No,No,[https://www.congress.gov/bill/107thcongress/housebill/3763]https://www.congress.gov/bill/107thcongress/housebill/3763,2002
7/30/2002,SarbanesOxley Act of 2002 SOX,U.S. Congress,"Established new standards for public company boards, management, and accounting firms in response to major accounting scandals.",Increased compliance costs but improved investor confidence through enhanced corporate governance and financial disclosures.,"Yes, Litigation Risk","Yes, Corporate Governance",No,"Yes, Information Asymmetry","Yes, Unsophisticated Investors","Yes, Equity Issuance in Public vs. Private Markets","Yes, Reputation Risk",[Link]https://www.congress.gov/bill/107thcongress/housebill/3763,2002
7/30/2002,Prohibition of Company Personal Loans to Executives SOX 402,U.S. Congress within the SarbanesOxley Act,"Made it unlawful for any public company to directly or indirectly extend or maintain credit, or arrange for the extension of credit, in the form of a personal loan to or for any director or executive officer.","Ended a common corporate practice that was viewed as a potential source of conflicts of interest and selfdealing, thereby strengthening corporate governance standards.",Yes,Yes,No,No,No,No,Yes,[https://www.congress.gov/bill/107thcongress/housebill/3763]https://www.congress.gov/bill/107thcongress/housebill/3763,2002
5/10/2002,FINRA Research Analyst Conflict of Interest Rules,Financial Industry Regulatory Authority FINRA / Approved by SEC,"A comprehensive set of new rules initially NASD Rule 2711 and NYSE Rule 472 designed to separate research analyst compensation from investment banking business, prohibit analysts from being supervised by investment bankers, and require clear disclosure of conflicts in research reports.",Fundamentally restructured the relationship between research and investment banking departments at Wall Street firms to restore public confidence in the objectivity of research following the dotcom bubble scandals.,Yes,Yes,No,Yes,Yes,Yes,Yes,[https://www.sec.gov/rules/sro/nasd/3445908.htm]https://www.sec.gov/rules/sro/nasd/3445908.htm,2002
4/24/2002,FINRA AntiMoney Laundering AML Program Rule Rule 3310,Financial Industry Regulatory Authority FINRA / Approved by SEC,"This rule requires member firms to establish and implement an AntiMoney Laundering AML compliance program, as required by the Bank Secrecy Act. The program must include policies, procedures, a designated AML compliance person, ongoing training, and independent testing.",Made brokerdealers a key part of the U.S. government's effort to combat money laundering and terrorist financing by requiring them to actively monitor for and report suspicious activity.,Yes,Yes,No,No,No,No,Yes,[https://www.sec.gov/rules/sro/nasd/3445798.htm]https://www.sec.gov/rules/sro/nasd/3445798.htm,2002
